{"lr-AdamW": 1e-05, "trainer/global_step": 0, "_timestamp": 1699549704.6990316, "_runtime": 8.290210485458374, "_step": 0}