{"lr-AdamW": 0.00039960534568565434, "trainer/global_step": 238, "_timestamp": 1699549303.6380658, "_runtime": 154.63937377929688, "_step": 3, "val_loss": 0.02936883084475994, "val_score": 0.24687987935971495, "val_score2": 0.26894001088901776, "epoch": 0, "train_loss": 0.11213386058807373, "_wandb": {"runtime": 232}}