{"lr-AdamW": 0.0005117824637100942, "trainer/global_step": 1242, "_timestamp": 1700131479.4755425, "_runtime": 2872.932223558426, "_step": 36, "val_loss": 0.04425737261772156, "val_score": 0.6043202629389783, "val_score2": 0.7003162349944221, "val_best_score": 0.7374748800811994, "epoch": 5, "train_loss": 0.044470783323049545}